[{"model": "admin.logentry", "pk": 1, "fields": {"action_time": "2022-12-08T07:22:34.670Z", "user": 3, "content_type": 1007, "object_id": "umang@yopmail.com", "object_repr": "umang@yopmail.com", "action_flag": 1, "change_message": "[{\"added\": {}}]"}}, {"model": "admin.logentry", "pk": 2, "fields": {"action_time": "2022-12-08T07:22:48.339Z", "user": 3, "content_type": 1007, "object_id": "Sysytem@yopmail.com", "object_repr": "Sysytem@yopmail.com", "action_flag": 1, "change_message": "[{\"added\": {}}]"}}, {"model": "admin.logentry", "pk": 3, "fields": {"action_time": "2022-12-08T10:14:12.213Z", "user": 3, "content_type": 1007, "object_id": "ANOOP@yopmail.com", "object_repr": "ANOOP@yopmail.com", "action_flag": 1, "change_message": "[{\"added\": {}}]"}}, {"model": "admin.logentry", "pk": 4, "fields": {"action_time": "2022-12-08T10:14:29.621Z", "user": 3, "content_type": 1007, "object_id": "RUNIL@yopmail.com", "object_repr": "RUNIL@yopmail.com", "action_flag": 1, "change_message": "[{\"added\": {}}]"}}, {"model": "admin.logentry", "pk": 5, "fields": {"action_time": "2022-12-08T12:28:40.668Z", "user": 3, "content_type": 16, "object_id": "26", "object_repr": "Channel object (26)", "action_flag": 2, "change_message": "[{\"changed\": {\"fields\": [\"Id\", \"Code\", \"Name\", \"Description\"]}}]"}}, {"model": "admin.logentry", "pk": 6, "fields": {"action_time": "2022-12-08T12:28:53.375Z", "user": 3, "content_type": 16, "object_id": "173", "object_repr": "Channel object (173)", "action_flag": 3, "change_message": ""}}, {"model": "admin.logentry", "pk": 7, "fields": {"action_time": "2022-12-08T12:28:53.378Z", "user": 3, "content_type": 16, "object_id": "172", "object_repr": "Channel object (172)", "action_flag": 3, "change_message": ""}}, {"model": "admin.logentry", "pk": 8, "fields": {"action_time": "2022-12-08T12:29:50.820Z", "user": 3, "content_type": 16, "object_id": "27", "object_repr": "Channel object (27)", "action_flag": 1, "change_message": "[{\"added\": {}}]"}}, {"model": "admin.logentry", "pk": 9, "fields": {"action_time": "2022-12-08T12:30:25.214Z", "user": 3, "content_type": 16, "object_id": "28", "object_repr": "Channel object (28)", "action_flag": 1, "change_message": "[{\"added\": {}}]"}}, {"model": "admin.logentry", "pk": 10, "fields": {"action_time": "2022-12-08T12:31:05.514Z", "user": 3, "content_type": 16, "object_id": "29", "object_repr": "Channel object (29)", "action_flag": 1, "change_message": "[{\"added\": {}}]"}}, {"model": "admin.logentry", "pk": 11, "fields": {"action_time": "2022-12-08T12:31:47.636Z", "user": 3, "content_type": 16, "object_id": "30", "object_repr": "Channel object (30)", "action_flag": 1, "change_message": "[{\"added\": {}}]"}}, {"model": "admin.logentry", "pk": 12, "fields": {"action_time": "2022-12-08T13:56:37.972Z", "user": 3, "content_type": 18, "object_id": "1", "object_repr": "Brand object (1)", "action_flag": 1, "change_message": "[{\"added\": {}}]"}}, {"model": "auth.permission", "pk": 1, "fields": {"name": "Can add log entry", "content_type": 1, "codename": "add_logentry"}}, {"model": "auth.permission", "pk": 2, "fields": {"name": "Can change log entry", "content_type": 1, "codename": "change_logentry"}}, {"model": "auth.permission", "pk": 3, "fields": {"name": "Can delete log entry", "content_type": 1, "codename": "delete_logentry"}}, {"model": "auth.permission", "pk": 4, "fields": {"name": "Can view log entry", "content_type": 1, "codename": "view_logentry"}}, {"model": "auth.permission", "pk": 5, "fields": {"name": "Can add permission", "content_type": 2, "codename": "add_permission"}}, {"model": "auth.permission", "pk": 6, "fields": {"name": "Can change permission", "content_type": 2, "codename": "change_permission"}}, {"model": "auth.permission", "pk": 7, "fields": {"name": "Can delete permission", "content_type": 2, "codename": "delete_permission"}}, {"model": "auth.permission", "pk": 8, "fields": {"name": "Can view permission", "content_type": 2, "codename": "view_permission"}}, {"model": "auth.permission", "pk": 9, "fields": {"name": "Can add group", "content_type": 3, "codename": "add_group"}}, {"model": "auth.permission", "pk": 10, "fields": {"name": "Can change group", "content_type": 3, "codename": "change_group"}}, {"model": "auth.permission", "pk": 11, "fields": {"name": "Can delete group", "content_type": 3, "codename": "delete_group"}}, {"model": "auth.permission", "pk": 12, "fields": {"name": "Can view group", "content_type": 3, "codename": "view_group"}}, {"model": "auth.permission", "pk": 13, "fields": {"name": "Can add user", "content_type": 4, "codename": "add_user"}}, {"model": "auth.permission", "pk": 14, "fields": {"name": "Can change user", "content_type": 4, "codename": "change_user"}}, {"model": "auth.permission", "pk": 15, "fields": {"name": "Can delete user", "content_type": 4, "codename": "delete_user"}}, {"model": "auth.permission", "pk": 16, "fields": {"name": "Can view user", "content_type": 4, "codename": "view_user"}}, {"model": "auth.permission", "pk": 17, "fields": {"name": "Can add content type", "content_type": 5, "codename": "add_contenttype"}}, {"model": "auth.permission", "pk": 18, "fields": {"name": "Can change content type", "content_type": 5, "codename": "change_contenttype"}}, {"model": "auth.permission", "pk": 19, "fields": {"name": "Can delete content type", "content_type": 5, "codename": "delete_contenttype"}}, {"model": "auth.permission", "pk": 20, "fields": {"name": "Can view content type", "content_type": 5, "codename": "view_contenttype"}}, {"model": "auth.permission", "pk": 21, "fields": {"name": "Can add session", "content_type": 6, "codename": "add_session"}}, {"model": "auth.permission", "pk": 22, "fields": {"name": "Can change session", "content_type": 6, "codename": "change_session"}}, {"model": "auth.permission", "pk": 23, "fields": {"name": "Can delete session", "content_type": 6, "codename": "delete_session"}}, {"model": "auth.permission", "pk": 24, "fields": {"name": "Can view session", "content_type": 6, "codename": "view_session"}}, {"model": "auth.permission", "pk": 25, "fields": {"name": "Can add tenant", "content_type": 7, "codename": "add_tenant"}}, {"model": "auth.permission", "pk": 26, "fields": {"name": "Can change tenant", "content_type": 7, "codename": "change_tenant"}}, {"model": "auth.permission", "pk": 27, "fields": {"name": "Can delete tenant", "content_type": 7, "codename": "delete_tenant"}}, {"model": "auth.permission", "pk": 28, "fields": {"name": "Can view tenant", "content_type": 7, "codename": "view_tenant"}}, {"model": "auth.permission", "pk": 29, "fields": {"name": "Can add branch", "content_type": 8, "codename": "add_branch"}}, {"model": "auth.permission", "pk": 30, "fields": {"name": "Can change branch", "content_type": 8, "codename": "change_branch"}}, {"model": "auth.permission", "pk": 31, "fields": {"name": "Can delete branch", "content_type": 8, "codename": "delete_branch"}}, {"model": "auth.permission", "pk": 32, "fields": {"name": "Can view branch", "content_type": 8, "codename": "view_branch"}}, {"model": "auth.permission", "pk": 33, "fields": {"name": "Can add bu", "content_type": 9, "codename": "add_bu"}}, {"model": "auth.permission", "pk": 34, "fields": {"name": "Can change bu", "content_type": 9, "codename": "change_bu"}}, {"model": "auth.permission", "pk": 35, "fields": {"name": "Can delete bu", "content_type": 9, "codename": "delete_bu"}}, {"model": "auth.permission", "pk": 36, "fields": {"name": "Can view bu", "content_type": 9, "codename": "view_bu"}}, {"model": "auth.permission", "pk": 37, "fields": {"name": "Can add production_ plant", "content_type": 10, "codename": "add_production_plant"}}, {"model": "auth.permission", "pk": 38, "fields": {"name": "Can change production_ plant", "content_type": 10, "codename": "change_production_plant"}}, {"model": "auth.permission", "pk": 39, "fields": {"name": "Can delete production_ plant", "content_type": 10, "codename": "delete_production_plant"}}, {"model": "auth.permission", "pk": 40, "fields": {"name": "Can view production_ plant", "content_type": 10, "codename": "view_production_plant"}}, {"model": "auth.permission", "pk": 41, "fields": {"name": "Can add sales order_ exim_sftp", "content_type": 11, "codename": "add_salesorder_exim_sftp"}}, {"model": "auth.permission", "pk": 42, "fields": {"name": "Can change sales order_ exim_sftp", "content_type": 11, "codename": "change_salesorder_exim_sftp"}}, {"model": "auth.permission", "pk": 43, "fields": {"name": "Can delete sales order_ exim_sftp", "content_type": 11, "codename": "delete_salesorder_exim_sftp"}}, {"model": "auth.permission", "pk": 44, "fields": {"name": "Can view sales order_ exim_sftp", "content_type": 11, "codename": "view_salesorder_exim_sftp"}}, {"model": "auth.permission", "pk": 45, "fields": {"name": "Can add tbl forecast dtl", "content_type": 12, "codename": "add_tblforecastdtl"}}, {"model": "auth.permission", "pk": 46, "fields": {"name": "Can change tbl forecast dtl", "content_type": 12, "codename": "change_tblforecastdtl"}}, {"model": "auth.permission", "pk": 47, "fields": {"name": "Can delete tbl forecast dtl", "content_type": 12, "codename": "delete_tblforecastdtl"}}, {"model": "auth.permission", "pk": 48, "fields": {"name": "Can view tbl forecast dtl", "content_type": 12, "codename": "view_tblforecastdtl"}}, {"model": "auth.permission", "pk": 49, "fields": {"name": "Can add sk u_snp", "content_type": 13, "codename": "add_sku_snp"}}, {"model": "auth.permission", "pk": 50, "fields": {"name": "Can change sk u_snp", "content_type": 13, "codename": "change_sku_snp"}}, {"model": "auth.permission", "pk": 51, "fields": {"name": "Can delete sk u_snp", "content_type": 13, "codename": "delete_sku_snp"}}, {"model": "auth.permission", "pk": 52, "fields": {"name": "Can view sk u_snp", "content_type": 13, "codename": "view_sku_snp"}}, {"model": "auth.permission", "pk": 53, "fields": {"name": "Can add production_ plant_sku", "content_type": 14, "codename": "add_production_plant_sku"}}, {"model": "auth.permission", "pk": 54, "fields": {"name": "Can change production_ plant_sku", "content_type": 14, "codename": "change_production_plant_sku"}}, {"model": "auth.permission", "pk": 55, "fields": {"name": "Can delete production_ plant_sku", "content_type": 14, "codename": "delete_production_plant_sku"}}, {"model": "auth.permission", "pk": 56, "fields": {"name": "Can view production_ plant_sku", "content_type": 14, "codename": "view_production_plant_sku"}}, {"model": "auth.permission", "pk": 57, "fields": {"name": "Can add division", "content_type": 15, "codename": "add_division"}}, {"model": "auth.permission", "pk": 58, "fields": {"name": "Can change division", "content_type": 15, "codename": "change_division"}}, {"model": "auth.permission", "pk": 59, "fields": {"name": "Can delete division", "content_type": 15, "codename": "delete_division"}}, {"model": "auth.permission", "pk": 60, "fields": {"name": "Can view division", "content_type": 15, "codename": "view_division"}}, {"model": "auth.permission", "pk": 61, "fields": {"name": "Can add channel", "content_type": 16, "codename": "add_channel"}}, {"model": "auth.permission", "pk": 62, "fields": {"name": "Can change channel", "content_type": 16, "codename": "change_channel"}}, {"model": "auth.permission", "pk": 63, "fields": {"name": "Can delete channel", "content_type": 16, "codename": "delete_channel"}}, {"model": "auth.permission", "pk": 64, "fields": {"name": "Can view channel", "content_type": 16, "codename": "view_channel"}}, {"model": "auth.permission", "pk": 65, "fields": {"name": "Can add category", "content_type": 17, "codename": "add_category"}}, {"model": "auth.permission", "pk": 66, "fields": {"name": "Can change category", "content_type": 17, "codename": "change_category"}}, {"model": "auth.permission", "pk": 67, "fields": {"name": "Can delete category", "content_type": 17, "codename": "delete_category"}}, {"model": "auth.permission", "pk": 68, "fields": {"name": "Can view category", "content_type": 17, "codename": "view_category"}}, {"model": "auth.permission", "pk": 69, "fields": {"name": "Can add brand", "content_type": 18, "codename": "add_brand"}}, {"model": "auth.permission", "pk": 70, "fields": {"name": "Can change brand", "content_type": 18, "codename": "change_brand"}}, {"model": "auth.permission", "pk": 71, "fields": {"name": "Can delete brand", "content_type": 18, "codename": "delete_brand"}}, {"model": "auth.permission", "pk": 72, "fields": {"name": "Can view brand", "content_type": 18, "codename": "view_brand"}}, {"model": "auth.permission", "pk": 73, "fields": {"name": "Can add branch_sku", "content_type": 19, "codename": "add_branch_sku"}}, {"model": "auth.permission", "pk": 74, "fields": {"name": "Can change branch_sku", "content_type": 19, "codename": "change_branch_sku"}}, {"model": "auth.permission", "pk": 75, "fields": {"name": "Can delete branch_sku", "content_type": 19, "codename": "delete_branch_sku"}}, {"model": "auth.permission", "pk": 76, "fields": {"name": "Can view branch_sku", "content_type": 19, "codename": "view_branch_sku"}}, {"model": "auth.permission", "pk": 1025, "fields": {"name": "Can add scm user", "content_type": 1007, "codename": "add_scmuser"}}, {"model": "auth.permission", "pk": 1026, "fields": {"name": "Can change scm user", "content_type": 1007, "codename": "change_scmuser"}}, {"model": "auth.permission", "pk": 1027, "fields": {"name": "Can delete scm user", "content_type": 1007, "codename": "delete_scmuser"}}, {"model": "auth.permission", "pk": 1028, "fields": {"name": "Can view scm user", "content_type": 1007, "codename": "view_scmuser"}}, {"model": "auth.permission", "pk": 1029, "fields": {"name": "Can add network", "content_type": 1008, "codename": "add_network"}}, {"model": "auth.permission", "pk": 1030, "fields": {"name": "Can change network", "content_type": 1008, "codename": "change_network"}}, {"model": "auth.permission", "pk": 1031, "fields": {"name": "Can delete network", "content_type": 1008, "codename": "delete_network"}}, {"model": "auth.permission", "pk": 1032, "fields": {"name": "Can view network", "content_type": 1008, "codename": "view_network"}}, {"model": "auth.permission", "pk": 1033, "fields": {"name": "Can add n network", "content_type": 1009, "codename": "add_nnetwork"}}, {"model": "auth.permission", "pk": 1034, "fields": {"name": "Can change n network", "content_type": 1009, "codename": "change_nnetwork"}}, {"model": "auth.permission", "pk": 1035, "fields": {"name": "Can delete n network", "content_type": 1009, "codename": "delete_nnetwork"}}, {"model": "auth.permission", "pk": 1036, "fields": {"name": "Can view n network", "content_type": 1009, "codename": "view_nnetwork"}}, {"model": "auth.user", "pk": 1, "fields": {"password": "pbkdf2_sha256$260000$3lAayVtW2t7FRWvpGlINbN$3OA4hqd3JlyeGqWO5CeVc0zwmGg9H+XLkeaSFsymr7s=", "last_login": null, "is_superuser": true, "username": "adil", "first_name": "", "last_name": "", "email": "umang@yopmail.com", "is_staff": true, "is_active": true, "date_joined": "2022-12-08T06:06:53.068Z", "groups": [], "user_permissions": []}}, {"model": "auth.user", "pk": 2, "fields": {"password": "pbkdf2_sha256$260000$PT045HIVmeYdb0FImZOjAN$L1Jr/AQPVH8OTB3HdC2KUMjojLr9beykeRHrF20tZkA=", "last_login": null, "is_superuser": true, "username": "system", "first_name": "", "last_name": "", "email": "Sysytem@yopmail.com", "is_staff": true, "is_active": true, "date_joined": "2022-12-08T06:07:43.869Z", "groups": [], "user_permissions": []}}, {"model": "auth.user", "pk": 3, "fields": {"password": "pbkdf2_sha256$260000$13LLjaGRvPRBv7jDW3vMtY$Gamwe63tkS6AZvjvU3BRl8Aj+9HWcLhV3YOFmtdQE6w=", "last_login": "2022-12-08T06:59:48.374Z", "is_superuser": true, "username": "admin", "first_name": "", "last_name": "", "email": "admin@yopmail.com", "is_staff": true, "is_active": true, "date_joined": "2022-12-08T06:59:29.070Z", "groups": [], "user_permissions": []}}, {"model": "auth.user", "pk": 4, "fields": {"password": "pbkdf2_sha256$260000$2FBnQqk2HyVHgLf4J74ZBk$SHD3dLAjRx1I1JzL1/HP5ywXXrbnr9PD+kB4DQEdHVw=", "last_login": null, "is_superuser": true, "username": "main", "first_name": "", "last_name": "", "email": "main@yopmail.com", "is_staff": true, "is_active": true, "date_joined": "2022-12-08T07:21:03.553Z", "groups": [], "user_permissions": []}}, {"model": "contenttypes.contenttype", "pk": 1, "fields": {"app_label": "admin", "model": "logentry"}}, {"model": "contenttypes.contenttype", "pk": 2, "fields": {"app_label": "auth", "model": "permission"}}, {"model": "contenttypes.contenttype", "pk": 3, "fields": {"app_label": "auth", "model": "group"}}, {"model": "contenttypes.contenttype", "pk": 4, "fields": {"app_label": "auth", "model": "user"}}, {"model": "contenttypes.contenttype", "pk": 5, "fields": {"app_label": "contenttypes", "model": "contenttype"}}, {"model": "contenttypes.contenttype", "pk": 6, "fields": {"app_label": "sessions", "model": "session"}}, {"model": "contenttypes.contenttype", "pk": 7, "fields": {"app_label": "scm_app", "model": "tenant"}}, {"model": "contenttypes.contenttype", "pk": 8, "fields": {"app_label": "scm_app", "model": "branch"}}, {"model": "contenttypes.contenttype", "pk": 9, "fields": {"app_label": "scm_app", "model": "bu"}}, {"model": "contenttypes.contenttype", "pk": 10, "fields": {"app_label": "scm_app", "model": "production_plant"}}, {"model": "contenttypes.contenttype", "pk": 11, "fields": {"app_label": "scm_app", "model": "salesorder_exim_sftp"}}, {"model": "contenttypes.contenttype", "pk": 12, "fields": {"app_label": "scm_app", "model": "tblforecastdtl"}}, {"model": "contenttypes.contenttype", "pk": 13, "fields": {"app_label": "scm_app", "model": "sku_snp"}}, {"model": "contenttypes.contenttype", "pk": 14, "fields": {"app_label": "scm_app", "model": "production_plant_sku"}}, {"model": "contenttypes.contenttype", "pk": 15, "fields": {"app_label": "scm_app", "model": "division"}}, {"model": "contenttypes.contenttype", "pk": 16, "fields": {"app_label": "scm_app", "model": "channel"}}, {"model": "contenttypes.contenttype", "pk": 17, "fields": {"app_label": "scm_app", "model": "category"}}, {"model": "contenttypes.contenttype", "pk": 18, "fields": {"app_label": "scm_app", "model": "brand"}}, {"model": "contenttypes.contenttype", "pk": 19, "fields": {"app_label": "scm_app", "model": "branch_sku"}}, {"model": "contenttypes.contenttype", "pk": 1007, "fields": {"app_label": "scm_app", "model": "scmuser"}}, {"model": "contenttypes.contenttype", "pk": 1008, "fields": {"app_label": "scm_app", "model": "network"}}, {"model": "contenttypes.contenttype", "pk": 1009, "fields": {"app_label": "scm_app", "model": "nnetwork"}}, {"model": "sessions.session", "pk": "x5r12zj1g69dk4gl62rce5or7426per5", "fields": {"session_data": ".eJxVjEEOwiAQRe_C2hCm0AFcuvcMZKYDUjVtUtqV8e7apAvd_vfef6lE21rT1vKSRlFnZdXpd2MaHnnagdxpus16mKd1GVnvij5o09dZ8vNyuH8HlVr91gyCnhC5h1isMAkMgQL44KETC-KiQ7LMWEqH0WUDOTqH1hqDfWD1_gDjHjdD:1p3Asm:KcZLFflNsWPPzE6q650EyaKVTnaG4BxD0dC1WmYy2q0", "expire_date": "2022-12-22T06:59:48.482Z"}}, {"model": "scm_app.scmuser", "pk": "ANOOP@yopmail.com", "fields": {"password": "123", "last_login": null, "active": true, "staff": false, "admin": false, "time_stamp": "15:44:12.052"}}, {"model": "scm_app.scmuser", "pk": "RUNIL@yopmail.com", "fields": {"password": "123", "last_login": null, "active": true, "staff": false, "admin": false, "time_stamp": "15:44:29.608"}}, {"model": "scm_app.scmuser", "pk": "Sysytem@yopmail.com", "fields": {"password": "123", "last_login": null, "active": true, "staff": false, "admin": false, "time_stamp": "12:52:48.336"}}, {"model": "scm_app.scmuser", "pk": "umang@yopmail.com", "fields": {"password": "123", "last_login": null, "active": true, "staff": false, "admin": false, "time_stamp": "12:52:34.583"}}, {"model": "scm_app.tenant", "pk": 1, "fields": {"Code": "3SC", "Name": "SS Supply Chain Pvt Ltd", "Description": "dsdss", "CreatedDate": "2020-11-10", "CreatedBy": "Sysytem@yopmail.com", "UpdatedDate": null, "UpdatedBy": null, "IPAddress": ":1", "Status": 1}}, {"model": "scm_app.tenant", "pk": 3, "fields": {"Code": "Orient", "Name": "Orient  Pvt. Ltd.", "Description": "dfsdfdsf", "CreatedDate": "2020-11-11", "CreatedBy": "umang@yopmail.com", "UpdatedDate": null, "UpdatedBy": null, "IPAddress": ":1", "Status": 1}}, {"model": "scm_app.tenant", "pk": 4, "fields": {"Code": "Skycell", "Name": "Skycell", "Description": "NULL", "CreatedDate": "2020-11-12", "CreatedBy": "umang@yopmail.com", "UpdatedDate": null, "UpdatedBy": null, "IPAddress": ":1", "Status": 1}}, {"model": "scm_app.tenant", "pk": 5, "fields": {"Code": "shelzaa", "Name": "asdttytyt", "Description": "NULL", "CreatedDate": "2020-11-19", "CreatedBy": "umang@yopmail.com", "UpdatedDate": null, "UpdatedBy": null, "IPAddress": ":1", "Status": 1}}, {"model": "scm_app.tenant", "pk": 6, "fields": {"Code": "saksham3scewewe", "Name": "saksham", "Description": "NULL", "CreatedDate": "2020-11-19", "CreatedBy": "umang@yopmail.com", "UpdatedDate": null, "UpdatedBy": null, "IPAddress": ":1", "Status": 1}}, {"model": "scm_app.tenant", "pk": 7, "fields": {"Code": "3sch", "Name": "ss", "Description": "NULL", "CreatedDate": "2020-11-19", "CreatedBy": "umang@yopmail.com", "UpdatedDate": null, "UpdatedBy": null, "IPAddress": ":1", "Status": 1}}, {"model": "scm_app.tenant", "pk": 8, "fields": {"Code": "3scc", "Name": "123rc", "Description": "NULL", "CreatedDate": "2020-11-19", "CreatedBy": "umang@yopmail.com", "UpdatedDate": null, "UpdatedBy": null, "IPAddress": ":1", "Status": 1}}, {"model": "scm_app.tenant", "pk": 9, "fields": {"Code": "sdsss", "Name": "dsfdsfds", "Description": "NULL", "CreatedDate": "2020-11-19", "CreatedBy": "umang@yopmail.com", "UpdatedDate": null, "UpdatedBy": null, "IPAddress": ":1", "Status": 1}}, {"model": "scm_app.tenant", "pk": 10, "fields": {"Code": "asasasas", "Name": "asasasasa", "Description": "NULL", "CreatedDate": "2020-11-19", "CreatedBy": "umang@yopmail.com", "UpdatedDate": null, "UpdatedBy": null, "IPAddress": ":1", "Status": 1}}, {"model": "scm_app.tenant", "pk": 11, "fields": {"Code": "HTM", "Name": "Healthium", "Description": "halthium project", "CreatedDate": "2021-01-04", "CreatedBy": "umang@yopmail.com", "UpdatedDate": null, "UpdatedBy": null, "IPAddress": ":1", "Status": 1}}, {"model": "scm_app.tenant", "pk": 12, "fields": {"Code": "PMC", "Name": "PMC", "Description": "NULL", "CreatedDate": "2021-01-22", "CreatedBy": "umang@yopmail.com", "UpdatedDate": null, "UpdatedBy": null, "IPAddress": ":1", "Status": 1}}, {"model": "scm_app.tenant", "pk": 14, "fields": {"Code": "OrientTest", "Name": "OrientTest", "Description": "qweerr", "CreatedDate": "2021-02-03", "CreatedBy": "umang@yopmail.com", "UpdatedDate": null, "UpdatedBy": null, "IPAddress": ":1", "Status": 1}}, {"model": "scm_app.tenant", "pk": 15, "fields": {"Code": "HAT", "Name": "HAT", "Description": "NULL", "CreatedDate": "2021-02-16", "CreatedBy": "umang@yopmail.com", "UpdatedDate": null, "UpdatedBy": null, "IPAddress": ":1", "Status": 1}}, {"model": "scm_app.tenant", "pk": 16, "fields": {"Code": "DreamViver", "Name": "DV", "Description": "NULL", "CreatedDate": "2021-03-05", "CreatedBy": "umang@yopmail.com", "UpdatedDate": null, "UpdatedBy": null, "IPAddress": ":1", "Status": 1}}, {"model": "scm_app.tenant", "pk": 17, "fields": {"Code": "ARTSANA", "Name": "Artsana", "Description": "NULL", "CreatedDate": "2021-03-22", "CreatedBy": "umang@yopmail.com", "UpdatedDate": null, "UpdatedBy": null, "IPAddress": ":1", "Status": 1}}, {"model": "scm_app.tenant", "pk": 19, "fields": {"Code": "PANASONIC", "Name": "Panasonic", "Description": "NULL", "CreatedDate": "2022-11-09", "CreatedBy": "umang@yopmail.com", "UpdatedDate": null, "UpdatedBy": null, "IPAddress": ":1", "Status": 1}}, {"model": "scm_app.channel", "pk": 26, "fields": {"TenantId": 19, "Code": "TR", "Name": "Trade", "Description": "Panasonic India", "CreatedDate": "2022-12-08", "CreatedBy": "Sysytem@yopmail.com", "UpdatedDate": "2022-12-08", "UpdatedBy": null, "IPAddress": "1", "Status": 1}}, {"model": "scm_app.channel", "pk": 27, "fields": {"TenantId": 19, "Code": "B2B", "Name": "B2B", "Description": "Panasonic India", "CreatedDate": "2022-12-08", "CreatedBy": "umang@yopmail.com", "UpdatedDate": "2022-12-08", "UpdatedBy": null, "IPAddress": null, "Status": 1}}, {"model": "scm_app.channel", "pk": 28, "fields": {"TenantId": 19, "Code": "ALT", "Name": "Alternate", "Description": "Panasonic India", "CreatedDate": "2022-12-08", "CreatedBy": "umang@yopmail.com", "UpdatedDate": "2022-12-08", "UpdatedBy": null, "IPAddress": null, "Status": 1}}, {"model": "scm_app.channel", "pk": 29, "fields": {"TenantId": 19, "Code": "DR", "Name": "Direct", "Description": "Panasonic India", "CreatedDate": "2022-12-08", "CreatedBy": "umang@yopmail.com", "UpdatedDate": "2022-12-08", "UpdatedBy": null, "IPAddress": null, "Status": 1}}, {"model": "scm_app.channel", "pk": 30, "fields": {"TenantId": 19, "Code": "EX", "Name": "Export", "Description": "Panasonic India", "CreatedDate": "2022-12-08", "CreatedBy": "umang@yopmail.com", "UpdatedDate": "2022-12-08", "UpdatedBy": null, "IPAddress": null, "Status": 1}}, {"model": "scm_app.bu", "pk": 29, "fields": {"TenantId": 19, "Code": "LTG", "Name": "Lighting", "Description": "Lighting", "CreatedDate": "2022-12-08T12:32:16.037Z", "CreatedBy": "umang@yopmail.com", "UpdatedDate": "2022-12-08", "UpdatedBy": null, "IPAddress": ":1", "Status": 1, "channelID": 26}}, {"model": "scm_app.bu", "pk": 30, "fields": {"TenantId": 19, "Code": "IAQ", "Name": "IAQ", "Description": "IAQ", "CreatedDate": "2022-12-08T12:32:16.319Z", "CreatedBy": "umang@yopmail.com", "UpdatedDate": "2022-12-08", "UpdatedBy": null, "IPAddress": ":1", "Status": 1, "channelID": 28}}, {"model": "scm_app.bu", "pk": 48, "fields": {"TenantId": 19, "Code": "PWR", "Name": "Power", "Description": "Power", "CreatedDate": "2022-12-08T12:32:16.347Z", "CreatedBy": "umang@yopmail.com", "UpdatedDate": "2022-12-08", "UpdatedBy": null, "IPAddress": ":1", "Status": 1, "channelID": 26}}, {"model": "scm_app.division", "pk": 30, "fields": {"TenantId": 19, "Code": "ELECTRONICS", "Name": "ELECTRONICS", "Description": "ELECTRONICS", "CreatedDate": "2022-12-08", "CreatedBy": "Sysytem@yopmail.com", "UpdatedDate": "2022-12-08", "UpdatedBy": null, "Status": 1, "IPAddress": "1.0"}}, {"model": "scm_app.division", "pk": 31, "fields": {"TenantId": 19, "Code": "SWITCHES", "Name": "SWITCHES", "Description": "SWITCHES", "CreatedDate": "2022-12-08", "CreatedBy": "Sysytem@yopmail.com", "UpdatedDate": "2022-12-08", "UpdatedBy": null, "Status": 1, "IPAddress": "1.0"}}, {"model": "scm_app.category", "pk": 172, "fields": {"TenantId": 19, "Code": "ELECTRONICS", "Name": "ELECTRONICS", "Description": "ELECTRONICS", "CreatedDate": "2022-12-08", "CreatedBy": "Sysytem@yopmail.com", "UpdatedDate": "2022-12-08", "UpdatedBy": null, "Status": 1, "IPAddress": "1.0"}}, {"model": "scm_app.category", "pk": 173, "fields": {"TenantId": 19, "Code": "SWITCHES", "Name": "SWITCHES", "Description": "SWITCHES", "CreatedDate": "2022-12-08", "CreatedBy": "Sysytem@yopmail.com", "UpdatedDate": "2022-12-08", "UpdatedBy": null, "Status": 1, "IPAddress": "1.0"}}, {"model": "scm_app.brand", "pk": 1, "fields": {"TenantId": 19, "Code": "BR1", "Name": "BRAND1", "Description": "BRANDONE", "CreatedDate": "2022-12-08", "CreatedBy": "Sysytem@yopmail.com", "UpdatedDate": "2022-12-08", "UpdatedBy": null, "Status": 1, "IPAddress": null}}, {"model": "scm_app.branch", "pk": 7, "fields": {"TenantId": 19, "BUId": 29, "channelID": 26, "Code": "1061.0", "Name": "MUMBAI", "Description": "MUMBAI", "BranchType": "CDC", "TotalVolume": null, "TotalArea": null, "OperatinHours": null, "OpertingDaysoftheWeek": null, "operating_times": null, "LoadingTimes": null, "UnloadingTimes": null, "CreatedDate": "2022-12-08", "CreatedBy": "ANOOP@yopmail.com", "UpdatedDate": "2022-12-08", "UpdatedBy": null, "IPAddress": "1", "Status": 1}}, {"model": "scm_app.branch", "pk": 8, "fields": {"TenantId": 19, "BUId": 30, "channelID": 26, "Code": "9029.0", "Name": "CHHATTISGARH", "Description": "CHHATTISGARH", "BranchType": "CDC", "TotalVolume": null, "TotalArea": null, "OperatinHours": null, "OpertingDaysoftheWeek": null, "operating_times": null, "LoadingTimes": null, "UnloadingTimes": null, "CreatedDate": "2022-12-08", "CreatedBy": "ANOOP@yopmail.com", "UpdatedDate": "2022-12-08", "UpdatedBy": null, "IPAddress": "1", "Status": 1}}, {"model": "scm_app.branch", "pk": 9, "fields": {"TenantId": 19, "BUId": 30, "channelID": 26, "Code": "1071.0", "Name": "KOLKATA", "Description": "KOLKATA", "BranchType": "Warehouse", "TotalVolume": null, "TotalArea": null, "OperatinHours": null, "OpertingDaysoftheWeek": null, "operating_times": null, "LoadingTimes": null, "UnloadingTimes": null, "CreatedDate": "2022-12-08", "CreatedBy": "ANOOP@yopmail.com", "UpdatedDate": "2022-12-08", "UpdatedBy": null, "IPAddress": "1", "Status": 1}}, {"model": "scm_app.branch", "pk": 10, "fields": {"TenantId": 19, "BUId": 30, "channelID": 26, "Code": "1075.0", "Name": "GUWAHATI", "Description": "GUWAHATI", "BranchType": "Warehouse", "TotalVolume": null, "TotalArea": null, "OperatinHours": null, "OpertingDaysoftheWeek": null, "operating_times": null, "LoadingTimes": null, "UnloadingTimes": null, "CreatedDate": "2022-12-08", "CreatedBy": "ANOOP@yopmail.com", "UpdatedDate": "2022-12-08", "UpdatedBy": null, "IPAddress": "1", "Status": 1}}, {"model": "scm_app.branch", "pk": 11, "fields": {"TenantId": 19, "BUId": 30, "channelID": 26, "Code": "9002.0", "Name": "CUTTACK", "Description": "CUTTACK", "BranchType": "Warehouse", "TotalVolume": null, "TotalArea": null, "OperatinHours": null, "OpertingDaysoftheWeek": null, "operating_times": null, "LoadingTimes": null, "UnloadingTimes": null, "CreatedDate": "2022-12-08", "CreatedBy": "ANOOP@yopmail.com", "UpdatedDate": "2022-12-08", "UpdatedBy": null, "IPAddress": "1", "Status": 1}}, {"model": "scm_app.branch", "pk": 12, "fields": {"TenantId": 19, "BUId": 30, "channelID": 26, "Code": "9006.0", "Name": "RANCHI", "Description": "RANCHI", "BranchType": "Warehouse", "TotalVolume": null, "TotalArea": null, "OperatinHours": null, "OpertingDaysoftheWeek": null, "operating_times": null, "LoadingTimes": null, "UnloadingTimes": null, "CreatedDate": "2022-12-08", "CreatedBy": "ANOOP@yopmail.com", "UpdatedDate": "2022-12-08", "UpdatedBy": null, "IPAddress": "1", "Status": 1}}, {"model": "scm_app.branch", "pk": 13, "fields": {"TenantId": 19, "BUId": 30, "channelID": 26, "Code": "9010.0", "Name": "PATNA", "Description": "PATNA", "BranchType": "CDC", "TotalVolume": null, "TotalArea": null, "OperatinHours": null, "OpertingDaysoftheWeek": null, "operating_times": null, "LoadingTimes": null, "UnloadingTimes": null, "CreatedDate": "2022-12-08", "CreatedBy": "ANOOP@yopmail.com", "UpdatedDate": "2022-12-08", "UpdatedBy": null, "IPAddress": "1", "Status": 1}}, {"model": "scm_app.branch", "pk": 14, "fields": {"TenantId": 19, "BUId": 30, "channelID": 26, "Code": "1080.0", "Name": "CHENNAI", "Description": "CHENNAI", "BranchType": "Warehouse", "TotalVolume": null, "TotalArea": null, "OperatinHours": null, "OpertingDaysoftheWeek": null, "operating_times": null, "LoadingTimes": null, "UnloadingTimes": null, "CreatedDate": "2022-12-08", "CreatedBy": "ANOOP@yopmail.com", "UpdatedDate": "2022-12-08", "UpdatedBy": null, "IPAddress": "1", "Status": 1}}, {"model": "scm_app.branch", "pk": 15, "fields": {"TenantId": 19, "BUId": 30, "channelID": 26, "Code": "1081.0", "Name": "COCHIN", "Description": "COCHIN", "BranchType": "CDC", "TotalVolume": null, "TotalArea": null, "OperatinHours": null, "OpertingDaysoftheWeek": null, "operating_times": null, "LoadingTimes": null, "UnloadingTimes": null, "CreatedDate": "2022-12-08", "CreatedBy": "ANOOP@yopmail.com", "UpdatedDate": "2022-12-08", "UpdatedBy": null, "IPAddress": "1", "Status": 1}}, {"model": "scm_app.branch", "pk": 16, "fields": {"TenantId": 19, "BUId": 30, "channelID": 26, "Code": "1035.0", "Name": "BANGALORE", "Description": "BANGALORE", "BranchType": "CDC", "TotalVolume": null, "TotalArea": null, "OperatinHours": null, "OpertingDaysoftheWeek": null, "operating_times": null, "LoadingTimes": null, "UnloadingTimes": null, "CreatedDate": "2022-12-08", "CreatedBy": "ANOOP@yopmail.com", "UpdatedDate": "2022-12-08", "UpdatedBy": null, "IPAddress": "1", "Status": 1}}, {"model": "scm_app.branch", "pk": 17, "fields": {"TenantId": 19, "BUId": 30, "channelID": 26, "Code": "9005.0", "Name": "ZIRAKPUR", "Description": "ZIRAKPUR", "BranchType": "Warehouse", "TotalVolume": null, "TotalArea": null, "OperatinHours": null, "OpertingDaysoftheWeek": null, "operating_times": null, "LoadingTimes": null, "UnloadingTimes": null, "CreatedDate": "2022-12-08", "CreatedBy": "ANOOP@yopmail.com", "UpdatedDate": "2022-12-08", "UpdatedBy": null, "IPAddress": "1", "Status": 1}}, {"model": "scm_app.branch", "pk": 18, "fields": {"TenantId": 19, "BUId": 30, "channelID": 26, "Code": "9019.0", "Name": "VARANASI", "Description": "VARANASI", "BranchType": "Warehouse", "TotalVolume": null, "TotalArea": null, "OperatinHours": null, "OpertingDaysoftheWeek": null, "operating_times": null, "LoadingTimes": null, "UnloadingTimes": null, "CreatedDate": "2022-12-08", "CreatedBy": "ANOOP@yopmail.com", "UpdatedDate": "2022-12-08", "UpdatedBy": null, "IPAddress": "1", "Status": 1}}, {"model": "scm_app.branch", "pk": 19, "fields": {"TenantId": 19, "BUId": 30, "channelID": 26, "Code": "9023.0", "Name": "DELHI", "Description": "DELHI", "BranchType": "Warehouse", "TotalVolume": null, "TotalArea": null, "OperatinHours": null, "OpertingDaysoftheWeek": null, "operating_times": null, "LoadingTimes": null, "UnloadingTimes": null, "CreatedDate": "2022-12-08", "CreatedBy": "ANOOP@yopmail.com", "UpdatedDate": "2022-12-08", "UpdatedBy": null, "IPAddress": "1", "Status": 1}}, {"model": "scm_app.branch", "pk": 20, "fields": {"TenantId": 19, "BUId": 30, "channelID": 26, "Code": "9024.0", "Name": "JAIPUR", "Description": "JAIPUR", "BranchType": "Warehouse", "TotalVolume": null, "TotalArea": null, "OperatinHours": null, "OpertingDaysoftheWeek": null, "operating_times": null, "LoadingTimes": null, "UnloadingTimes": null, "CreatedDate": "2022-12-08", "CreatedBy": "ANOOP@yopmail.com", "UpdatedDate": "2022-12-08", "UpdatedBy": null, "IPAddress": "1", "Status": 1}}, {"model": "scm_app.branch", "pk": 21, "fields": {"TenantId": 19, "BUId": 30, "channelID": 26, "Code": "1091.0", "Name": "LUCKNOW", "Description": "LUCKNOW", "BranchType": "CDC", "TotalVolume": null, "TotalArea": null, "OperatinHours": null, "OpertingDaysoftheWeek": null, "operating_times": null, "LoadingTimes": null, "UnloadingTimes": null, "CreatedDate": "2022-12-08", "CreatedBy": "ANOOP@yopmail.com", "UpdatedDate": "2022-12-08", "UpdatedBy": null, "IPAddress": "1", "Status": 1}}, {"model": "scm_app.branch", "pk": 22, "fields": {"TenantId": 19, "BUId": 30, "channelID": 26, "Code": "9014.0", "Name": "HYDERABAD", "Description": "HYDERABAD", "BranchType": "Warehouse", "TotalVolume": null, "TotalArea": null, "OperatinHours": null, "OpertingDaysoftheWeek": null, "operating_times": null, "LoadingTimes": null, "UnloadingTimes": null, "CreatedDate": "2022-12-08", "CreatedBy": "ANOOP@yopmail.com", "UpdatedDate": "2022-12-08", "UpdatedBy": null, "IPAddress": "1", "Status": 1}}, {"model": "scm_app.branch", "pk": 23, "fields": {"TenantId": 19, "BUId": 30, "channelID": 26, "Code": "9020.0", "Name": "VISAKHAPATNAM", "Description": "VISAKHAPATNAM", "BranchType": "CDC", "TotalVolume": null, "TotalArea": null, "OperatinHours": null, "OpertingDaysoftheWeek": null, "operating_times": null, "LoadingTimes": null, "UnloadingTimes": null, "CreatedDate": "2022-12-08", "CreatedBy": "ANOOP@yopmail.com", "UpdatedDate": "2022-12-08", "UpdatedBy": null, "IPAddress": "1", "Status": 1}}, {"model": "scm_app.branch", "pk": 24, "fields": {"TenantId": 19, "BUId": 30, "channelID": 26, "Code": "9021.0", "Name": "VIJAYAWADA", "Description": "VIJAYAWADA", "BranchType": "CDC", "TotalVolume": null, "TotalArea": null, "OperatinHours": null, "OpertingDaysoftheWeek": null, "operating_times": null, "LoadingTimes": null, "UnloadingTimes": null, "CreatedDate": "2022-12-08", "CreatedBy": "ANOOP@yopmail.com", "UpdatedDate": "2022-12-08", "UpdatedBy": null, "IPAddress": "1", "Status": 1}}, {"model": "scm_app.branch", "pk": 25, "fields": {"TenantId": 19, "BUId": 30, "channelID": 26, "Code": "1016.0", "Name": "NELAMANGALA", "Description": "NELAMANGALA", "BranchType": "Warehouse", "TotalVolume": null, "TotalArea": null, "OperatinHours": null, "OpertingDaysoftheWeek": null, "operating_times": null, "LoadingTimes": null, "UnloadingTimes": null, "CreatedDate": "2022-12-08", "CreatedBy": "umang@yopmail.com", "UpdatedDate": "2022-12-08", "UpdatedBy": null, "IPAddress": ":1", "Status": 1}}, {"model": "scm_app.branch", "pk": 55, "fields": {"TenantId": 19, "BUId": 48, "channelID": 26, "Code": "1234.0", "Name": "TestBranch", "Description": "Test Branch for Trade+Power Panasonic India", "BranchType": "Warehouse", "TotalVolume": null, "TotalArea": null, "OperatinHours": null, "OpertingDaysoftheWeek": null, "operating_times": null, "LoadingTimes": null, "UnloadingTimes": null, "CreatedDate": "2022-12-08", "CreatedBy": "umang@yopmail.com", "UpdatedDate": "2022-12-08", "UpdatedBy": null, "IPAddress": ":1", "Status": 1}}, {"model": "scm_app.sku_snp", "pk": 31983, "fields": {"TenantId": 19, "BUId": 48, "Code": "PANA_001", "Name": "SKU_TEST1", "Description": "SKU_TEST1", "UOM": "0.0", "CategoryId": 172, "DivisionId": 30, "Brand": 1, "LeadTime": "10.0", "CreatedDate": "2022-12-08", "CreatedBy": "ANOOP@yopmail.com", "UpdatedDate": "2022-12-08", "UpdatedBy": null, "Status": 1, "IPAddress": "1.0"}}, {"model": "scm_app.sku_snp", "pk": 31984, "fields": {"TenantId": 19, "BUId": 48, "Code": "PANA_002", "Name": "SKU_TEST2", "Description": "SKU_TEST2", "UOM": "0.0", "CategoryId": 172, "DivisionId": 30, "Brand": 1, "LeadTime": "5.0", "CreatedDate": "2022-12-08", "CreatedBy": "ANOOP@yopmail.com", "UpdatedDate": "2022-12-08", "UpdatedBy": null, "Status": 1, "IPAddress": "1.0"}}, {"model": "scm_app.sku_snp", "pk": 31985, "fields": {"TenantId": 19, "BUId": 48, "Code": "PANA_003", "Name": "SKU_TEST3", "Description": "SKU_TEST3", "UOM": "0.0", "CategoryId": 173, "DivisionId": 31, "Brand": 1, "LeadTime": "40.0", "CreatedDate": "2022-12-08", "CreatedBy": "ANOOP@yopmail.com", "UpdatedDate": "2022-12-08", "UpdatedBy": null, "Status": 1, "IPAddress": "1.0"}}, {"model": "scm_app.sku_snp", "pk": 31986, "fields": {"TenantId": 19, "BUId": 48, "Code": "PANA_004", "Name": "SKU_TEST4", "Description": "SKU_TEST4", "UOM": "0.0", "CategoryId": 173, "DivisionId": 31, "Brand": 1, "LeadTime": "30.0", "CreatedDate": "2022-12-08", "CreatedBy": "ANOOP@yopmail.com", "UpdatedDate": "2022-12-08", "UpdatedBy": null, "Status": 1, "IPAddress": "1.0"}}, {"model": "scm_app.network", "pk": 1, "fields": {"SupplyBranch": 7, "SupplyBranchType": "CDC", "DemandBranch": "Warehouse", "DemandBranchType": "Warehouse", "DeliveryLeadTime": "20", "CreatedDate": "2022-12-08", "CreatedBy": "ANOOP@yopmail.com", "UpdatedDate": "2022-12-08", "UpdatedBy": null, "IPAddress": "1"}}, {"model": "scm_app.network", "pk": 2, "fields": {"SupplyBranch": 7, "SupplyBranchType": "CDC", "DemandBranch": "Warehouse", "DemandBranchType": "Warehouse", "DeliveryLeadTime": "13", "CreatedDate": "2022-12-08", "CreatedBy": "ANOOP@yopmail.com", "UpdatedDate": "2022-12-08", "UpdatedBy": null, "IPAddress": "1"}}, {"model": "scm_app.network", "pk": 3, "fields": {"SupplyBranch": 10, "SupplyBranchType": "Production Plant", "DemandBranch": "Warehouse", "DemandBranchType": "Warehouse", "DeliveryLeadTime": "15", "CreatedDate": "2022-12-08", "CreatedBy": "ANOOP@yopmail.com", "UpdatedDate": "2022-12-08", "UpdatedBy": null, "IPAddress": "1"}}, {"model": "scm_app.network", "pk": 4, "fields": {"SupplyBranch": 12, "SupplyBranchType": "Production Plant", "DemandBranch": "CDC", "DemandBranchType": "CDC", "DeliveryLeadTime": "4", "CreatedDate": "2022-12-08", "CreatedBy": "ANOOP@yopmail.com", "UpdatedDate": "2022-12-08", "UpdatedBy": null, "IPAddress": "1"}}, {"model": "scm_app.network", "pk": 5, "fields": {"SupplyBranch": 12, "SupplyBranchType": "Production Plant", "DemandBranch": "Warehouse", "DemandBranchType": "Warehouse", "DeliveryLeadTime": "8", "CreatedDate": "2022-12-08", "CreatedBy": "ANOOP@yopmail.com", "UpdatedDate": "2022-12-08", "UpdatedBy": null, "IPAddress": "1"}}, {"model": "scm_app.branch_sku", "pk": 1, "fields": {"BranchId": 7, "SkuId": 31983, "MSL": 200, "CreatedDate": "2022-12-08", "CreatedBy": "ANOOP@yopmail.com", "UpdatedDate": "2022-12-08", "UpdatedBy": null, "Status": 1}}, {"model": "scm_app.branch_sku", "pk": 2, "fields": {"BranchId": 7, "SkuId": 31984, "MSL": 500, "CreatedDate": "2022-12-08", "CreatedBy": "ANOOP@yopmail.com", "UpdatedDate": "2022-12-08", "UpdatedBy": null, "Status": 1}}, {"model": "scm_app.branch_sku", "pk": 3, "fields": {"BranchId": 7, "SkuId": 31986, "MSL": 50, "CreatedDate": "2022-12-08", "CreatedBy": "ANOOP@yopmail.com", "UpdatedDate": "2022-12-08", "UpdatedBy": null, "Status": 1}}, {"model": "scm_app.branch_sku", "pk": 4, "fields": {"BranchId": 9, "SkuId": 31983, "MSL": 1000, "CreatedDate": "2022-12-08", "CreatedBy": "ANOOP@yopmail.com", "UpdatedDate": "2022-12-08", "UpdatedBy": null, "Status": 1}}, {"model": "scm_app.branch_sku", "pk": 5, "fields": {"BranchId": 9, "SkuId": 31985, "MSL": 5000, "CreatedDate": "2022-12-08", "CreatedBy": "ANOOP@yopmail.com", "UpdatedDate": "2022-12-08", "UpdatedBy": null, "Status": 1}}, {"model": "scm_app.branch_sku", "pk": 6, "fields": {"BranchId": 9, "SkuId": 31986, "MSL": 3000, "CreatedDate": "2022-12-08", "CreatedBy": "ANOOP@yopmail.com", "UpdatedDate": "2022-12-08", "UpdatedBy": null, "Status": 1}}, {"model": "scm_app.branch_sku", "pk": 7, "fields": {"BranchId": 13, "SkuId": 31985, "MSL": 1000, "CreatedDate": "2022-12-08", "CreatedBy": "ANOOP@yopmail.com", "UpdatedDate": "2022-12-08", "UpdatedBy": null, "Status": 1}}, {"model": "scm_app.branch_sku", "pk": 8, "fields": {"BranchId": 13, "SkuId": 31986, "MSL": 5000, "CreatedDate": "2022-12-08", "CreatedBy": "ANOOP@yopmail.com", "UpdatedDate": "2022-12-08", "UpdatedBy": null, "Status": 1}}, {"model": "scm_app.production_plant", "pk": 10, "fields": {"Name": "Plant XYZ", "Location": "Vizag", "CreatedDate": "2022-12-08", "CreatedBy": "ANOOP@yopmail.com", "UpdatedDate": "2022-12-08", "UpdatedBy": null, "IPAddress": "1", "Status": 1}}, {"model": "scm_app.production_plant", "pk": 12, "fields": {"Name": "Plant ABC", "Location": "Mangalore", "CreatedDate": "2022-12-08", "CreatedBy": "RUNIL@yopmail.com", "UpdatedDate": "2022-12-08", "UpdatedBy": null, "IPAddress": "1", "Status": 1}}, {"model": "scm_app.production_plant_sku", "pk": 1, "fields": {"ProductionPlantId": 10, "SKUId": 31983, "CreatedDate": "2022-12-08", "CreatedBy": "ANOOP@yopmail.com", "UpdatedDate": "2022-12-08", "UpdatedBy": null, "IPAddress": "1", "Status": 1}}, {"model": "scm_app.production_plant_sku", "pk": 2, "fields": {"ProductionPlantId": 10, "SKUId": 31984, "CreatedDate": "2022-12-08", "CreatedBy": "ANOOP@yopmail.com", "UpdatedDate": "2022-12-08", "UpdatedBy": null, "IPAddress": "1", "Status": 0}}, {"model": "scm_app.production_plant_sku", "pk": 3, "fields": {"ProductionPlantId": 10, "SKUId": 31986, "CreatedDate": "2022-12-08", "CreatedBy": "ANOOP@yopmail.com", "UpdatedDate": "2022-12-08", "UpdatedBy": null, "IPAddress": "1", "Status": 1}}, {"model": "scm_app.production_plant_sku", "pk": 4, "fields": {"ProductionPlantId": 12, "SKUId": 31983, "CreatedDate": "2022-12-08", "CreatedBy": "ANOOP@yopmail.com", "UpdatedDate": "2022-12-08", "UpdatedBy": null, "IPAddress": "1", "Status": 1}}, {"model": "scm_app.production_plant_sku", "pk": 5, "fields": {"ProductionPlantId": 12, "SKUId": 31985, "CreatedDate": "2022-12-08", "CreatedBy": "ANOOP@yopmail.com", "UpdatedDate": "2022-12-08", "UpdatedBy": null, "IPAddress": "1", "Status": 1}}, {"model": "scm_app.production_plant_sku", "pk": 6, "fields": {"ProductionPlantId": 12, "SKUId": 31986, "CreatedDate": "2022-12-08", "CreatedBy": "ANOOP@yopmail.com", "UpdatedDate": "2022-12-08", "UpdatedBy": null, "IPAddress": "1", "Status": 0}}]